[
  {
    "id": 1,
    "category": "Strong Password Creation",
    "questionText": "Which of the following is a characteristic of a strong password?",
    "answers": [ "Contains more than 8 characters", "Uses common phrases", "Long password but has meaning to you", "All of the above" ],
    "correctAnswerIndex": 0
  },
 

  {
    "id": 2,
    "category": "Strong Password Creation",
    "questionText": "Which of these is the strongest password?",
    "answers": [
      "Pa2ss123!",
      "12345",
      "StrongPass!",
      "Secur3P@ssw0rd!"
    ],
    "correctAnswerIndex": 3
  },

    {
      "id": 3,
      "category": "Which of these is the strongest password?",
      "questionText": "Which of these is the strongest password?",
      "answers": [
        "Sunshine2",
        "MyP@ss120",
        "ABCdef123",
        "R3liable#1$ec"
      ],
      "correctAnswerIndex": 3
    }
  ]

  