[
  {
    "id": 1,
    "category": "Strong Password Creation",
    "questionText": "Which of the following is a characteristic of a strong password?",
    "answers": [ "Contains more than 8 characters", "Uses common phrases", "Long password but has meaning to you", "All of the above" ],
    "correctAnswerIndex": 0
  },
  {
    "id": 2,
    "category": "Strong Password Creation",
    "questionText": "What should you avoid using in your passwords?",
    "answers": [ "Special characters", "Your name or birthday", "Numbers", "Uppercase letters" ],
    "correctAnswerIndex": 1
  },
  {
    "id": 3,
    "category": "Strong Password Creation",
    "questionText": "Which strategy can help you remember a complex password?",
    "answers": [ "Using a passphrase", "Writing it down on a sticky note", "Reusing an old password", "None of the above" ],
    "correctAnswerIndex": 0
  },
  {
    "id": 4,
    "category": "Strong Password Creation",
    "questionText": "How often should you change your passwords?",
    "answers": [ "Every month", "Every 3-6 months", "Once a year", "Only when a breach is suspected" ],
    "correctAnswerIndex": 1
  },
  {
    "id": 5,
    "category": "Strong Password Creation",
    "questionText": "What is a password manager used for?",
    "answers": [ "Storing passwords securely", "Generating passwords", "Automating logins", "All of the above" ],
    "correctAnswerIndex": 3
  },
  {
    "id": 6,
    "category": "Strong Password Creation",
    "questionText": ". Which of the following passwords is the most secure?",
    "answers": [ "MyDogFido", "FidoIsADog2", "mdF1s~Go0d!", "fido3990" ],
    "correctAnswerIndex": 2
  }
]
